{"wheights": [-1.5116931967106295, 1.9365369528813923], "bias": 0.08191831954142338, "erro": 0.1703323241042335}