{"wheights": [-1.5207566306277454, 1.9447225638594001], "bias": 0.07902880576463969, "erro": 0.1669679902257164}